file_path,label
data/set044/refsongs/pntg005-01-kairos-spaced_out.mp3,1
data/set044/refsongs/pntg012-04-lukas_lehmann-memento_mori.mp3,2
data/set044/refsongs/pntg012-06-item_no-liebe_im_dschungel.mp3,3
data/set044/refsongs/pntg012-02-erich_lesovsky-j.o..mp3,4
data/set044/refsongs/pntg012-05-ludwig_coenen-balanced_routing.mp3,5
data/set044/refsongs/pntg010-03-ludwig_coenen-system_failure.mp3,6
data/set044/refsongs/pntg011-02-charles_tone-mit_einem_handtuch_am_anhalter_bhf.mp3,7
data/set044/refsongs/pntg009-04-kareem_and_ludwig_coenen-kick_buddies.mp3,8
data/set044/refsongs/pntg010-01-ludwig_coenen-jiggy_grain.mp3,9
data/set044/refsongs/pntg001/pntg001-03-ludwig_coenen-l5.mp3,10
data/set044/refsongs/pntg001/pntg001-05-kairos-no_more_acid.mp3,11
data/set044/refsongs/pntg001/pntg001-06-liam_o_leary_and_heyden-rock_the_boat.mp3,12
data/set044/refsongs/pntg001/pntg001-08-kareem-fuck_the_rack_on.mp3,13
data/set044/refsongs/pntg001/pntg001-09-cint-bluescreen.mp3,14
data/set044/refsongs/pntg001/pntg001-07-mabik-deep_house.mp3,15
data/set044/refsongs/pntg001/pntg001-02-charles_tone-she_had_an_idea.mp3,16
data/set044/refsongs/pntg001/pntg001-04-demir-you_got_it.mp3,17
data/set044/refsongs/pntg006/pntg006-03-charles_tone-das_haus_im_wald.mp3,18
data/set044/refsongs/pntg006/pntg006-04-charles_tone-sie_tanzte_nur_einen_sommer.mp3,19
data/set044/refsongs/pntg006/pntg006-02-charles_tone-geister_der_alten_welt.mp3,20
data/set044/refsongs/pntg006/pntg006-01-charles_tone-die_nacht_auf_dem_meer.mp3,21
data/set044/refsongs/pntg012-03-nushitzu-vermona.mp3,22
data/set044/refsongs/pntg012-10-demir-brother_for_real.mp3,23
data/set044/refsongs/pntg011-03-charles_tone-wenn_sie_die_sonnensegel_setzen.mp3,24
data/set044/refsongs/pntg012-09-wego-the_other_welcome.mp3,25
data/set044/refsongs/pntg012-07-mabik-klickeradoms.mp3,26
data/set044/refsongs/pntg012-11-kairos-tiresias.mp3,27
data/set044/refsongs/pntg005-04-kairos-nostalgia.mp3,28
data/set044/refsongs/pntg005-02-kairos-the_recurrence.mp3,29
data/set044/refsongs/pntg011-04-charles_tone-she_had-an_idea_item_no-rmx.mp3,30
data/set044/refsongs/pntg010-04-ludwig_coenen-get_jets.mp3,31
data/set044/refsongs/pntg007/pntg007-03-demir-fist_of_tequeneek.mp3,32
data/set044/refsongs/pntg007/pntg007-02-demir-cano.mp3,33
data/set044/refsongs/pntg007/pntg007-01-demir_feat._jesse-dance_away.mp3,34
data/set044/refsongs/pntg007/pntg007-04-demir-dreamer.mp3,35
data/set044/refsongs/pntg010-02-ludwig_coenen-kula_lumpur.mp3,36
data/set044/refsongs/pntg012-01-francesco_tarallo-kingston.mp3,37
data/set044/refsongs/pntg005-03-kairos-on_the_run.mp3,38
data/set044/refsongs/pntg003/pntg003-02-ludwig_coenen-pearling.mp3,39
data/set044/refsongs/pntg003/pntg003-04-ludwig_coenen_and_kareem-litchy_licker.mp3,40
data/set044/refsongs/pntg003/pntg003-01-ludwig_coenen-night_in.mp3,41
data/set044/refsongs/pntg003/pntg003-03-ludwig_coenen-towerblock.mp3,42
data/set044/refsongs/pntg012-08-johnny_d.-another.mp3,43
data/set044/refsongs/pntg011-01-charles_tone-am_morgen_nach_dem_sturm.mp3,44
data/set123/refsongs/03_Vizar_-_Allright_-_Antiritmo018.mp3,45
data/set123/refsongs/02_Scan_Mode_-_Terre_Erre_-_Antiritmo024.mp3,46
data/set123/refsongs/04_Hermetico_-_Vision_Nocturna_-_Antiritmo24.mp3,47
data/set123/refsongs/05_Vizar_-_Mechanism_-_Antiritmo018.mp3,48
data/set123/refsongs/03_Katsuyuki_Taguchi_-_Dimgrey_-_Antiritmo028.mp3,49
data/set123/refsongs/04_Vizar_-_Ghosts_-_Antiritmo018.mp3,50
data/set123/refsongs/01_Katsuyuki_Taguchi_-_White_Smoke_-_Antiritmo028.mp3,51
data/set123/refsongs/01_Peter_Gual_-_Cami_De_Insectes_-_Antiritmo014.mp3,52
data/set123/refsongs/01_Sascha_Muller_-_The_Book_Writer_-_Antiritmo002.mp3,53
data/set123/refsongs/01_Roger_M_-_Entering_the_big_D_Intro_-_Antiritmo023.mp3,54
data/set123/refsongs/01_Pepe_Arcade_-_X2_Original_Mix_-_Antiritmo017.mp3,55
data/set123/refsongs/03_Scan_Mode_-_Terre_Erre_Javier_Orduna_Remix_-_Antiritmo024.mp3,56
data/set123/refsongs/02_Vizar_-_Hypnosis_-_Antiritmo018.mp3,57
data/set123/refsongs/05_Roger_M_-_Leaving_the_big_D_Outro_-_Antiritmo023.mp3,58
data/set123/refsongs/02_Peter_Gual_-_Discutir_-_Antiritmo014.mp3,59
data/set123/refsongs/06_Dejersey_-_Chopper_-_Antiritmo024.mp3,60
data/set123/refsongs/03_Roger_M_-_Photon_-_Antiritmo023.mp3,61
data/set123/refsongs/02_Roger_M_-_Proton_-_Antiritmo023.mp3,62
data/set123/refsongs/04_Pepe_Arcade_-_X2_Hiroshi_Oki_Remix_-_Antiritmo017.mp3,63
data/set123/refsongs/07_Sr_Click_-_Tibetan_-_Antiritmo024.mp3,64
data/set123/refsongs/03_Peter_Gual_-_Crits_d_uralita_-_Antiritmo014.mp3,65
data/set123/refsongs/02_Hiroshi_Oki_-_Sig_Sauer_p226_-_Antiritmo011.mp3,66
data/set123/refsongs/03_Sascha_Muller_-_Phonk_the_System_-_Antiritmo002.mp3,67
data/set123/refsongs/01_Vizar_-_Intro_-_Antiritmo018.mp3,68
data/set123/refsongs/01_Choenyi_-_PA_To_M_-_Antiritmo024.mp3,69
data/set123/refsongs/08_Banding_-_Eula_-_Antiritmo024.mp3,70
data/set123/refsongs/04_Peter_Gual_-_Altres_Llums_-_Antiritmo014.mp3,71
data/set123/refsongs/04_Roger_M_-_Freakxpress_yourself_-_Antiritmo023.mp3,72
data/set123/refsongs/02_Katsuyuki_Taguchi_-_Indigoblue_-_Antiritmo028.mp3,73
data/set123/refsongs/03_Hiroshi_Oki_-_Vibrations_-_Antiritmo011.mp3,74
data/set123/refsongs/05_John_Lagora_-_The_Closed_Circle_-_Antiritmo024.mp3,75
data/set123/refsongs/04_Sascha_Muller_-_Vorlauffunktion_-_Antiritmo002.mp3,76
data/set123/refsongs/01_Hiroshi_Oki_-_Polar_Circle_-_Antiritmo011.mp3,77
data/set123/refsongs/02_Pepe_Arcade_-_X2_Roger_M_That_Oldschool_Flavour_Mix_-_Antiritmo017.mp3,78
data/set123/refsongs/04_Hiroshi_Oki_-_Unagui_-_Antiritmo011.mp3,79
data/set123/refsongs/02_Sascha_Muller_-_In_and_Out_-_Antiritmo002.mp3,80
data/set123/refsongs/04_Katsuyuki_Taguchi_-_Azure_-_Antiritmo028.mp3,81
data/set123/refsongs/03_Pepe_Arcade_-_X2_Dessben_Remix_-_Antiritmo017.mp3,82
data/set222/refsongs/Zimmer046.5_Andreas_Florin_-_lost_horizon_deep_mix.mp3,83
data/set222/refsongs/brq60_niedermeier__whitehead_-_05_she_is_landschall_rmx.mp3,84
data/set222/refsongs/DML_-_Arbeitstitel.mp3,85
data/set222/refsongs/2_DML_-_Fin_Suedmilch_Remix.mp3,86
data/set222/refsongs/Max_Cavalerra_-_Bullet_Of_Choice_Co-Produced_By_Patrick_Baer_(get-tune.net).mp3,87
data/set222/refsongs/brq50_max_cavalerra_-_the_bigger_the_better_ep_-_02_function.mp3,88
data/set222/refsongs/mr-cloudy-long-wandering-marko-fürstenberg-rmx(myfreesong.net).mp3,89
data/set222/refsongs/brq60_niedermeier__whitehead_-_01_she_is.mp3,90
data/set222/refsongs/[thn109]-320-01-gaston_arevalo_-_austral.mp3,91
data/set222/refsongs/brq60_niedermeier__whitehead_-_02_she_is_douglas_greed_rmx.mp3,92
data/set222/refsongs/Mr. Cloudy-Polus (We Arrived) (www.myfreemp3.cc).mp3,93
data/set222/refsongs/Patrick Diessner-Schattenwurf (www.myfreemp3.cc).mp3,94
data/set222/refsongs/Bactee_Tito_-_Shap_(get-tune.net).mp3,95
data/set230/refsongs/thn010-04-sebastian_redenz_-_illusion.mp3,96
data/set230/refsongs/thn001-03-digitalverein_-_abends_am_gasturm.mp3,97
data/set230/refsongs/thn006-02-nulleins_-_wave.mp3,98
data/set230/refsongs/thn005-03-rktic_-_riding_the_pipeline.mp3,99
data/set230/refsongs/thn008-01-dolby_-_he0r.mp3,100
data/set230/refsongs/DN005 VA PANORAMA 1/DN005_05_dieter_krause_-_play.mp3,101
data/set230/refsongs/DN005 VA PANORAMA 1/DN005_03_daniel_stefanik_-_dubplate.mp3,102
data/set230/refsongs/DN005 VA PANORAMA 1/DN005_08_dreiton_-_boom.mp3,103
data/set230/refsongs/DN005 VA PANORAMA 1/DN005_01_chris_air_-_7th_son.mp3,104
data/set230/refsongs/DN005 VA PANORAMA 1/DN005_04_laplaceausoleil_-_neues_spiel_neues_glueck.mp3,105
data/set230/refsongs/DN005 VA PANORAMA 1/DN005_06_frank_hellmond_-_freihand.mp3,106
data/set230/refsongs/DN005 VA PANORAMA 1/DN005_07_lod_-_psicodelia.mp3,107
data/set230/refsongs/DN005 VA PANORAMA 1/DN005_02_antonio_bruno_-_right_here.mp3,108
data/set230/refsongs/thn005-02-rktic_-_spaces_in_spaces.mp3,109
data/set230/refsongs/thn005-01-rktic_-_geiger_radio.mp3,110
data/set230/refsongs/thn010-01-benfay_-_smokey.mp3,111
data/set230/refsongs/thn005-06-rktic_-_evolving_north.mp3,112
data/set230/refsongs/thn010-03-chimera_-_compulsion.mp3,113
data/set230/refsongs/thn003-03-k.hammer.hansen_-_whats_dub.mp3,114
data/set230/refsongs/thn008-04-dolby_-_outward.mp3,115
data/set230/refsongs/thn010-06-timo_saikkonen_-_pau.mp3,116
data/set230/refsongs/thn007-02-benfay_-_bonnie_mandarin.mp3,117
data/set230/refsongs/thn008-02-dolby_-_m1.mp3,118
data/set230/refsongs/thn006-03-nulleins_-_tiefrot.mp3,119
data/set230/refsongs/thn005-05-rktic_-_a_walk_on_deep_snow.mp3,120
data/set230/refsongs/thn003-01-k.hammer.hansen_-_sun_spots.mp3,121
data/set230/refsongs/thn006-01-nulleins_-_soulsurfer.mp3,122
data/set230/refsongs/thn003-02-k.hammer.hansen_-_drift.mp3,123
data/set230/refsongs/thn010-02-selffish_-_oblivion.mp3,124
data/set230/refsongs/DN020/DN020-07_martin tenschert_pad problaem_320mp3.mp3,125
data/set230/refsongs/DN020/DN020-03_antoniobruno_miniprojekt_320mp3.mp3,126
data/set230/refsongs/DN020/DN020-05_christoph schindling_most important_320mp3.mp3,127
data/set230/refsongs/DN020/DN020-11_rainer mauch_winter_320mp3.mp3,128
data/set230/refsongs/DN020/DN020-06_einklang freier frequenzen_can stop_320mp3.mp3,129
data/set230/refsongs/DN020/DN020-01_idealist_recycle3_320mp3.mp3,130
data/set230/refsongs/DN020/DN020-09_ferrochrom_blue_320mp3.mp3,131
data/set230/refsongs/DN020/DN020-10_two unknown guys_thunderbird_320mp3.mp3,132
data/set230/refsongs/DN020/DN020-08_frank hellmond vs. britta keil_ zwei sommer_abrmx_320mp3.mp3,133
data/set230/refsongs/DN020/DN020-02_bekeschus feat. knouchzone_reden ist silber_320mp3.mp3,134
data/set230/refsongs/DN020/DN020-13_moho_little about m_320mp3.mp3,135
data/set230/refsongs/DN020/DN020-04_belektron_failgracefully_320mp3.mp3,136
data/set230/refsongs/DN020/DN020-12_the marx trukker_erfurt_320mp3.mp3,137
data/set230/refsongs/DN006 VALLE VERZASCA EP/DN006_01_kugeldreher.mp3,138
data/set230/refsongs/DN006 VALLE VERZASCA EP/DN006_04_honigmilch_-_bruno_mix.mp3,139
data/set230/refsongs/DN006 VALLE VERZASCA EP/DN006_03_schubumkehr.mp3,140
data/set230/refsongs/DN006 VALLE VERZASCA EP/DN006_02_honigmilch.mp3,141
data/set230/refsongs/thn001-02-thomas_jaldemark_-_highway_patrol.mp3,142
data/set230/refsongs/thn010-05-subq_vs_th0ke_-_basictoys_remix.mp3,143
data/set230/refsongs/thn004-01-curse_-_most_of_here.mp3,144
data/set230/refsongs/thn005-04-rktic_-_the_opposite_of.mp3,145
data/set230/refsongs/thn007-03-benfay_-_calamine_click.mp3,146
data/set230/refsongs/thn004-02-curse_-_veja_due.mp3,147
data/set230/refsongs/thn001-01-pheek_-_interlude.mp3,148
data/set230/refsongs/thn008-03-dolby_-_x09.mp3,149
data/set230/refsongs/thn007-01-benfay_-_carbon.mp3,150
data/set230/refsongs/DN015/DN015_04-antonio bruno - morning.mp3,151
data/set230/refsongs/DN015/DN015_05-einklang freier frequenzen - d ance u ntill b eautiful.mp3,152
data/set230/refsongs/DN015/DN015_10-nitro - pluton.mp3,153
data/set230/refsongs/DN015/DN015_06-dieter krause - music for an imaginary movie.mp3,154
data/set230/refsongs/DN015/DN015_03-christoph schindling - diving.mp3,155
data/set230/refsongs/DN015/DN015_02-caja de pelotas - en la zona del silencio CHMA edit.mp3,156
data/set230/refsongs/DN015/DN015_09-laplaceausoleil vs. britta keil - regardless (a_b remix).mp3,157
data/set230/refsongs/DN015/DN015_01-dreiton - intro.mp3,158
data/set230/refsongs/DN015/DN015_08-neal white - untitled   ( c.  freizeitglauben).mp3,159
data/set230/refsongs/DN015/DN015_07-freeformtracking - soleruff.mp3,160
data/set230/refsongs/thn006-04-nulleins_-_pilafs_sleepy.mp3,161
data/set275/refsongs/Roberto Figus - Love Deeply [Markus Masuhr Rework].mp3,162
data/set275/refsongs/Krisz Deak-Simple Life www.myfreemp3.space .mp3,163
data/set275/refsongs/Atabey - Deep Phase [Markus Masuhr Reconstruction].mp3,164
data/set275/refsongs/03_kwartz_-_silence_turns_to_violence.mp3,165
data/set275/refsongs/03_diarmaid_o_meara_ -_revolving_around_a_crisis.mp3,166
data/set275/refsongs/Atabey - Virus Black Hole.mp3,167
data/set275/refsongs/Roberto Figus - Love Deeply (Atabey Mix].mp3,168
data/set275/refsongs/02_kwartz_-_spiral_of_silence.mp3,169
data/set275/refsongs/atabey - jungle forest [markus masuhr variance edit].mp3,170
data/set275/refsongs/Roberto Figus - The Soft Wind (Atabey ReEdit).mp3,171
data/set275/refsongs/F.l.o. - Food for thought 320kbps/05_F.l.o._-_Ganymed.mp3,172
data/set275/refsongs/F.l.o. - Food for thought 320kbps/07_F.l.o._-_You_Suck.mp3,173
data/set275/refsongs/F.l.o. - Food for thought 320kbps/09_F.l.o._-_Food_for_Thought(Slownoise_Remix).mp3,174
data/set275/refsongs/F.l.o. - Food for thought 320kbps/08_F.l.o._-_Vega.mp3,175
data/set275/refsongs/F.l.o. - Food for thought 320kbps/03_F.l.o._-_Tegula.mp3,176
data/set275/refsongs/F.l.o. - Food for thought 320kbps/01_F.l.o._-_______.mp3,177
data/set275/refsongs/F.l.o. - Food for thought 320kbps/10_F.l.o._-_Food_for_Thought(SoulSonic_Remix).mp3,178
data/set275/refsongs/F.l.o. - Food for thought 320kbps/04_F.l.o._-_Be_True.mp3,179
data/set275/refsongs/F.l.o. - Food for thought 320kbps/06_F.l.o._-_Hidden_Path.mp3,180
data/set275/refsongs/F.l.o. - Food for thought 320kbps/02_F.l.o._-_Food_for_Thought.mp3,181
data/set275/refsongs/Atabey - Deep Phase.mp3,182
data/set275/refsongs/01_the_thinker_-_machines_are_us.mp3,183
data/set275/refsongs/atabey - la jagua [tantricman remix].mp3,184
data/set275/refsongs/did-042_Echoton_Early_Reflections_Ep/03.Echoton_Mimic.mp3,185
data/set275/refsongs/did-042_Echoton_Early_Reflections_Ep/02.Echoton_Heut_Nacht.mp3,186
data/set275/refsongs/did-042_Echoton_Early_Reflections_Ep/01.Echoton_GibDeBudda.mp3,187
data/set275/refsongs/did-042_Echoton_Early_Reflections_Ep/04-Echoton_SoJus.mp3,188
data/set275/refsongs/Atabey - Vast Plexity.mp3,189
data/set275/refsongs/atabey - la jagua.mp3,190
data/set275/refsongs/04_kwartz_-_silence_turns_to_violence_scouts_in_bondage_remix.mp3,191
data/set275/refsongs/Roberto Figus - The Soft Wind (Onka Onichi Mix).mp3,192
data/set275/refsongs/04_rfs_-_endh.mp3,193
data/set275/refsongs/05_sigma_zigurat_-_mechanic.mp3,194
data/set275/refsongs/Roberto Figus - The Soft Wind.mp3,195
data/set275/refsongs/did-077_Stereopathy_The_Weight_Of_The_Wisest/03.Stereopathy_Glam_Gloom.mp3,196
data/set275/refsongs/did-077_Stereopathy_The_Weight_Of_The_Wisest/04.Stereopathy_Sensory Overload.mp3,197
data/set275/refsongs/did-077_Stereopathy_The_Weight_Of_The_Wisest/02.Stereopathy_Slow_Excitment.mp3,198
data/set275/refsongs/did-077_Stereopathy_The_Weight_Of_The_Wisest/01.Stereopathy_Scent.mp3,199
data/set275/refsongs/01_kwartz_-_introduction_to_spiral.mp3,200
data/set275/refsongs/atabey - dicayagua.mp3,201
data/set275/refsongs/Roberto Figus - The Soft Wind [Markus Masuhr Substraktive Additive Version].mp3,202
data/set275/refsongs/Roberto Figus - The Soft Wind (Atabey Mix).mp3,203
data/set275/refsongs/06_drugstore_-_horus.mp3,204
data/set275/refsongs/02_oliver_kucera_-_stand_your_ground.mp3,205
data/set275/refsongs/Atabey - Vast Plexity [Markus Masuhr Pattern Structure Edit].mp3,206
data/set275/refsongs/05_kwartz_-_silence_turns_to_violence_cbto_deep_field.mp3,207
data/set275/refsongs/03_the_thinker_-_the_automaton.mp3,208
data/set275/refsongs/02_the_thinker_-_world_revolution.mp3,209
data/set275/refsongs/atabey - dicayagua [markus masuhr reshape reduktion].mp3,210
data/set275/refsongs/atabey - la jagua [bjorn rohde remix].mp3,211
data/set275/refsongs/Roberto Figus - Love Deeply.mp3,212
data/set275/refsongs/atabey - jungle forest.mp3,213
data/set275/refsongs/04_the_thinker_-_granite.mp3,214
data/set275/refsongs/01_ritzi_lee_-_hotfixx_panic_edit.mp3,215
data/set275/refsongs/05_the_thinker_-_world_revolution_hyo_remix.mp3,216
data/set275/refsongs/Atabey - Virus Black Hole [Markus Masuhr Adaption].mp3,217
data/set275/refsongs/06_kwartz_-_silence_turns_to_violence_drugstore_remix.mp3,218
data/set275/refsongs/06_the_thinker_-_the_automaton_drugstore_remix.mp3,219
data/set278/refsongs/ivity - cern.mp3,220
data/set278/refsongs/whimee -a beer with folks.mp3,221
data/set278/refsongs/Schaedel_-_Low.mp3,222
data/set278/refsongs/01 1. Into the Gyre.mp3,223
data/set278/refsongs/l_cio - alvorada [markus masuhr remix].mp3,224
data/set278/refsongs/hanz s. - Himmelblau.mp3,225
data/set278/refsongs/l_cio - alvorada.mp3,226
data/set278/refsongs/whimee - mode off.mp3,227
data/set278/refsongs/Dynastic_-_Degeluq.mp3,228
data/set278/refsongs/whimee - a beer with folks [markus masuhr remix].mp3,229
data/set278/refsongs/l_cio - 15.mp3,230
data/set278/refsongs/03 3. Plastic Plankton.mp3,231
data/set278/refsongs/Flip & Tou - Row Ya Boat.mp3,232
data/set278/refsongs/hryk - park 0.1[markus masuhr remix] (2).mp3,233
data/set278/refsongs/Dynastic_-_Samalaginibad.mp3,234
data/set278/refsongs/02 2. Tiarulla.mp3,235
data/set278/refsongs/hanz s. - Wolkenlos.mp3,236
data/set278/refsongs/ivity - blur.mp3,237
data/set278/refsongs/hryk - A.D.2998.mp3,238
data/set278/refsongs/The Nautilus Project Vs. Jaymon - Mind Floating [Jaymon Adaption].mp3,239
data/set278/refsongs/06 6. Reduction [markus masuhr remix].mp3,240
data/set278/refsongs/Schaedel - Kadaver.mp3,241
data/set278/refsongs/05 5. Plastic Plankton [markus masuhr remix].mp3,242
data/set278/refsongs/hryk - Park 0.1.mp3,243
data/set278/refsongs/hryk - Friday night.mp3,244
data/set278/refsongs/04 4. Reduction.mp3,245
data/set278/refsongs/The Nautilus Project Vs. Jaymon - Mind Floating [Markus Masuhr Remix].mp3,246
data/set278/refsongs/Flip & Tou - Wash and Heat.mp3,247
data/set278/refsongs/Dynastic_-_Green_Jellyfish.mp3,248
data/set278/refsongs/The Nautilus Project Vs. Jaymon - Mind Floating [Nautilus Extract].mp3,249
data/set281/refsongs/2.Rabitza-Medusa.mp3,250
data/set281/refsongs/02_kreislauf052.mp3,251
data/set281/refsongs/3.ALW042_PeterClamat_DaheimundUnterwegs_ShufflingAlong.mp3,252
data/set281/refsongs/deepx340/[deepx340] - Mr.Dee - Evil Angel (2015)/01 - Mr.Dee - Evil Angel (Original Mix).mp3,253
data/set281/refsongs/deepx340/[deepx340] - Mr.Dee - Evil Angel (2015)/04 - Mr.Dee - Evil Angel (Syntech Vedeneev Remix).mp3,254
data/set281/refsongs/deepx340/[deepx340] - Mr.Dee - Evil Angel (2015)/07 - Mr.Dee - Evil Angel (Kirill Kinky Remix).mp3,255
data/set281/refsongs/deepx340/[deepx340] - Mr.Dee - Evil Angel (2015)/02 - Mr.Dee - Evil Angel (s!ckness Remix).mp3,256
data/set281/refsongs/deepx340/[deepx340] - Mr.Dee - Evil Angel (2015)/03 - Mr.Dee - Evil Angel (Hollmspeed Remix).mp3,257
data/set281/refsongs/deepx340/[deepx340] - Mr.Dee - Evil Angel (2015)/05 - Mr.Dee - Evil Angel (Oleg Pw Remix).mp3,258
data/set281/refsongs/deepx340/[deepx340] - Mr.Dee - Evil Angel (2015)/08 - Mr.Dee - Evil Angel (Fcode Remix).mp3,259
data/set281/refsongs/deepx340/[deepx340] - Mr.Dee - Evil Angel (2015)/06 - Mr.Dee - Evil Angel (MilKos Remix).mp3,260
data/set281/refsongs/DR007/03.BrandonPlank-SieTanzen.mp3,261
data/set281/refsongs/DR007/01.BrandonPlank-TheArchitect.mp3,262
data/set281/refsongs/DR007/02.BrandonPlank-ThatsHot.mp3,263
data/set281/refsongs/5.ALW042_PeterClamat_DaheimundUnterwegs_Calling1996.mp3,264
data/set281/refsongs/Zimmer110.2_Andreas_Florin_-_Live_is_live.mp3,265
data/set281/refsongs/Zimmer110.5_Andreas_Florin_-_Anxious.mp3,266
data/set281/refsongs/[DigitalDiamonds033]_Trilingo_And_Cosimo_-_Higher_EP/[DigitalDiamonds033]_B2_Trilingo_And_Cosimo_-_Like_This.mp3,267
data/set281/refsongs/[DigitalDiamonds033]_Trilingo_And_Cosimo_-_Higher_EP/[DigitalDiamonds033]_A1_Trilingo_And_Cosimo_-_Higher.mp3,268
data/set281/refsongs/[DigitalDiamonds033]_Trilingo_And_Cosimo_-_Higher_EP/[DigitalDiamonds033]_A2_Trilingo_-_Mateo.mp3,269
data/set281/refsongs/[DigitalDiamonds033]_Trilingo_And_Cosimo_-_Higher_EP/[DigitalDiamonds033]_B1_Trilingo_-_Splease.mp3,270
data/set281/refsongs/3.Rabitza-Bacterious.mp3,271
data/set281/refsongs/1.Rabitza-Gruums.mp3,272
data/set281/refsongs/7.ALW042_PeterClamat_DaheimundUnterwegs_Dammn_FacebookAPI_Connect_Doesnt_Work.mp3,273
data/set281/refsongs/Zimmer110.3_Andreas_Florin_-_Anxious_-_Steve_Pain_Remix.mp3,274
data/set281/refsongs/brq101_nico_grubert_-_echoes/brq101_nico_grubert_-_echoes_-_05_caribic_night.mp3,275
data/set281/refsongs/brq101_nico_grubert_-_echoes/brq101_nico_grubert_-_echoes_-_01_sonntags_bei_anna.mp3,276
data/set281/refsongs/brq101_nico_grubert_-_echoes/brq101_nico_grubert_-_echoes_-_03_liquid_beach.mp3,277
data/set281/refsongs/brq101_nico_grubert_-_echoes/brq101_nico_grubert_-_echoes_-_04_limbo_chicks.mp3,278
data/set281/refsongs/brq101_nico_grubert_-_echoes/brq101_nico_grubert_-_echoes_-_02_planet_red.mp3,279
data/set281/refsongs/brq101_nico_grubert_-_echoes/brq101_nico_grubert_-_echoes_-_09_stereogarden.mp3,280
data/set281/refsongs/brq101_nico_grubert_-_echoes/brq101_nico_grubert_-_echoes_-_10_like_this.mp3,281
data/set281/refsongs/brq101_nico_grubert_-_echoes/brq101_nico_grubert_-_echoes_-_06_epilogue.mp3,282
data/set281/refsongs/brq101_nico_grubert_-_echoes/brq101_nico_grubert_-_echoes_-_12_bacardi.mp3,283
data/set281/refsongs/brq101_nico_grubert_-_echoes/brq101_nico_grubert_-_echoes_-_07_echoes.mp3,284
data/set281/refsongs/brq101_nico_grubert_-_echoes/brq101_nico_grubert_-_echoes_-_08_hypnotized.mp3,285
data/set281/refsongs/brq101_nico_grubert_-_echoes/brq101_nico_grubert_-_echoes_-_11_the_journey.mp3,286
data/set281/refsongs/9.ALW042_PeterClamat_DaheimundUnterwegs_Atom_Universe.mp3,287
data/set281/refsongs/1.ALW042_PeterClamat_DaheimundUnterwegs_ChristmasTimer.mp3,288
data/set281/refsongs/02_altechmist_-_erroneous_connection.mp3,289
data/set281/refsongs/01_altechmist_-_intercambio_equivalente.mp3,290
data/set281/refsongs/2.ALW042_PeterClamat_DaheimundUnterwegs_RoboticLove.mp3,291
data/set281/refsongs/04_kreislauf052.mp3,292
data/set281/refsongs/4.ALW042_PeterClamat_DaheimundUnterwegs_AnalogueAnthem.mp3,293
data/set281/refsongs/4.Rabitza-ShittingMachines.mp3,294
data/set281/refsongs/8.ALW042_PeterClamat_DaheimundUnterwegs_Captain_Khorgh.mp3,295
data/set281/refsongs/CODA013_Drugstore_01_Balearic.mp3,296
data/set281/refsongs/[DigitalDiamonds040L]_V.A._Compilation_-_Digital_Family_Vol.5/[DigitalDiamonds040L]_09_Alic_-_What_Is_(Ben_Rama_Remix).mp3,297
data/set281/refsongs/[DigitalDiamonds040L]_V.A._Compilation_-_Digital_Family_Vol.5/[DigitalDiamonds040L]_05_Alic_-_The_Host.mp3,298
data/set281/refsongs/[DigitalDiamonds040L]_V.A._Compilation_-_Digital_Family_Vol.5/[DigitalDiamonds040L]_01_Point_-_Tripolation.mp3,299
data/set281/refsongs/[DigitalDiamonds040L]_V.A._Compilation_-_Digital_Family_Vol.5/[DigitalDiamonds040L]_03_Trilingo_-_Kalix.mp3,300
data/set281/refsongs/[DigitalDiamonds040L]_V.A._Compilation_-_Digital_Family_Vol.5/[DigitalDiamonds040L]_08_Daana_-_Nice_To_Meet_You.mp3,301
data/set281/refsongs/[DigitalDiamonds040L]_V.A._Compilation_-_Digital_Family_Vol.5/[DigitalDiamonds040L]_10_Simmetune_-_Endless_Moments.mp3,302
data/set281/refsongs/[DigitalDiamonds040L]_V.A._Compilation_-_Digital_Family_Vol.5/[DigitalDiamonds040L]_06_Troy_Polygon_-_Der_Rote_Stier.mp3,303
data/set281/refsongs/[DigitalDiamonds040L]_V.A._Compilation_-_Digital_Family_Vol.5/[DigitalDiamonds040L]_02_Frech_And_Koch_-_Deep_Sky.mp3,304
data/set281/refsongs/[DigitalDiamonds040L]_V.A._Compilation_-_Digital_Family_Vol.5/[DigitalDiamonds040L]_04_Flembaz_-_Lubrsune.mp3,305
data/set281/refsongs/[DigitalDiamonds040L]_V.A._Compilation_-_Digital_Family_Vol.5/[DigitalDiamonds040L]_07_Myda_-_Offtopic.mp3,306
data/set281/refsongs/Coda013_drugstore_03_sevenYears.mp3,307
data/set281/refsongs/Zimmer110.6_Andreas_Florin_-_we_are_the_future.mp3,308
data/set281/refsongs/10.ALW042_PeterClamat_DaheimundUnterwegs_MexicoHase.mp3,309
data/set281/refsongs/01_kreislauf052.mp3,310
data/set281/refsongs/Zimmer110.7_Andreas_Florin_-_Salon_Jessy.mp3,311
data/set281/refsongs/6.ALW042_PeterClamat_DaheimundUnterwegs_Brama.mp3,312
data/set281/refsongs/Zimmer110.4_Andreas_Florin_-_Room_2012.mp3,313
data/set281/refsongs/Zimmer110.1_Andreas_Florin_-_Green_Leaves.mp3,314
data/set281/refsongs/[DigitalDiamonds030L]_V.A._Compilation_-_Digital_Family_Vol.4/[DigitalDiamonds030L]_03_Crennwiick_-_Old_Vicious.mp3,315
data/set281/refsongs/[DigitalDiamonds030L]_V.A._Compilation_-_Digital_Family_Vol.4/[DigitalDiamonds030L]_08_Possessed_By_Food_-_Meta.mp3,316
data/set281/refsongs/[DigitalDiamonds030L]_V.A._Compilation_-_Digital_Family_Vol.4/[DigitalDiamonds030L]_07_Himmelkompass_-_Golfstrom_(Trylon_Remix).mp3,317
data/set281/refsongs/[DigitalDiamonds030L]_V.A._Compilation_-_Digital_Family_Vol.4/[DigitalDiamonds030L]_09_Quite-K_-_Vasya_Exhale_(Alic_Remix).mp3,318
data/set281/refsongs/[DigitalDiamonds030L]_V.A._Compilation_-_Digital_Family_Vol.4/[DigitalDiamonds030L]_10_Jay_Lucheck_-_Look_To_The_Future.mp3,319
data/set281/refsongs/[DigitalDiamonds030L]_V.A._Compilation_-_Digital_Family_Vol.4/[DigitalDiamonds030L]_02_Mammal_Footwork_-_Feathers.mp3,320
data/set281/refsongs/[DigitalDiamonds030L]_V.A._Compilation_-_Digital_Family_Vol.4/[DigitalDiamonds030L]_04_Aerodromme_-_Cosmic_Trigger.mp3,321
data/set281/refsongs/[DigitalDiamonds030L]_V.A._Compilation_-_Digital_Family_Vol.4/[DigitalDiamonds030L]_01_Jitter_-_Funkee_Shit.mp3,322
data/set281/refsongs/[DigitalDiamonds030L]_V.A._Compilation_-_Digital_Family_Vol.4/[DigitalDiamonds030L]_06_Frechbax_-_Quietscheente.mp3,323
data/set281/refsongs/[DigitalDiamonds030L]_V.A._Compilation_-_Digital_Family_Vol.4/[DigitalDiamonds030L]_05_Excizen_-_Someone_One.mp3,324
data/set281/refsongs/CODA013_Drugstore_02_Acid.mp3,325
data/set281/refsongs/CODA013_Drugstore_04_Lacandonia.mp3,326
data/set281/refsongs/CODA013_Drugstore_05_Metatron.mp3,327
data/set281/refsongs/03_kreislauf052.mp3,328
data/set281/refsongs/[DigitalDiamonds037]_Daana_-_Little_Animals_EP/[DigitalDiamonds037]_A2_Daana_-_Absentia.mp3,329
data/set281/refsongs/[DigitalDiamonds037]_Daana_-_Little_Animals_EP/[DigitalDiamonds037]_A1_Daana_-_Little_Animals_(Live_Edit).mp3,330
data/set281/refsongs/[DigitalDiamonds037]_Daana_-_Little_Animals_EP/[DigitalDiamonds037]_B1_Daana_-_Hindu_Kush.mp3,331
data/set281/refsongs/[DigitalDiamonds037]_Daana_-_Little_Animals_EP/[DigitalDiamonds037]_B2_Daana_-_Little_Animals_(Digital_Committee_Remix).mp3,332
data/set281/refsongs/03_altechmist_-_underforest_techno.mp3,333
data/set282/refsongs/[CYAN 043] Smooth - Vintage 02 (MP3)/(06) Smooth - Nothern Star.mp3,334
data/set282/refsongs/[CYAN 043] Smooth - Vintage 02 (MP3)/(03) Smooth - Depth Remote.mp3,335
data/set282/refsongs/[CYAN 043] Smooth - Vintage 02 (MP3)/(04) Smooth - Four channels of fortune.mp3,336
data/set282/refsongs/[CYAN 043] Smooth - Vintage 02 (MP3)/(01) Smooth - Phase in Space.mp3,337
data/set282/refsongs/[CYAN 043] Smooth - Vintage 02 (MP3)/(05) Smooth - Oceandrive.mp3,338
data/set282/refsongs/[CYAN 043] Smooth - Vintage 02 (MP3)/(02) Smooth - Aura IV.mp3,339
data/set282/refsongs/[CYAN 038] Smooth - Vintage 01 (MP3)/[06] Smooth - Sundown Detroit.mp3,340
data/set282/refsongs/[CYAN 038] Smooth - Vintage 01 (MP3)/[03] Smooth - Transistor Rhythm.mp3,341
data/set282/refsongs/[CYAN 038] Smooth - Vintage 01 (MP3)/[04] Smooth - Chicago Sunset.mp3,342
data/set282/refsongs/[CYAN 038] Smooth - Vintage 01 (MP3)/[02] Smooth - Sol.mp3,343
data/set282/refsongs/[CYAN 038] Smooth - Vintage 01 (MP3)/[05] Smooth - Dusk.mp3,344
data/set282/refsongs/[CYAN 038] Smooth - Vintage 01 (MP3)/[01] Smooth - Luna.mp3,345
data/set282/refsongs/[SP11] Spiral Dub - Perception/02 - Spiral Dub - Feedback Control.mp3,346
data/set282/refsongs/[SP11] Spiral Dub - Perception/04 - Spiral Dub - Feedback Control (Havantepe Version).mp3,347
data/set282/refsongs/[SP11] Spiral Dub - Perception/01 - Spiral Dub - Clandestine.mp3,348
data/set282/refsongs/[SP11] Spiral Dub - Perception/03 - Spiral Dub - Perception.mp3,349
data/set282/refsongs/DN030/09 If I Had A Hi Fi - Brushed Aside.mp3,350
data/set282/refsongs/DN030/02 Dave Marian & Rinno - Cratos.mp3,351
data/set282/refsongs/DN030/07 Nvelope - Terra Form.mp3,352
data/set282/refsongs/DN030/05 Martin Bausch - Blue Section 1.mp3,353
data/set282/refsongs/DN030/06 Monomood - The Rotten Lime.mp3,354
data/set282/refsongs/DN030/11 Insect O. - Bay Of Dreams.mp3,355
data/set282/refsongs/DN030/04 Antonio Bruno - Breath.mp3,356
data/set282/refsongs/DN030/08 Baumfreund - Lapidosus.mp3,357
data/set282/refsongs/DN030/01 Matthias Springer - Ego Sum Shortened.mp3,358
data/set282/refsongs/DN030/03 Simon Spe - Der Kraken Utem.mp3,359
data/set282/refsongs/DN030/10 Martin Nonstatic - Inward Flow.mp3,360
data/set282/refsongs/[SP10] Sublime Porte - Red Apple Remixes/01 - Sublime Porte - Red Apple (2011 Rework).mp3,361
data/set282/refsongs/[SP10] Sublime Porte - Red Apple Remixes/03 - Sublime Porte - Red Apple (Beto Narme Remix).mp3,362
data/set282/refsongs/[SP10] Sublime Porte - Red Apple Remixes/05 - Sublime Porte - Red Apple (Flatliners Remix).mp3,363
data/set282/refsongs/[SP10] Sublime Porte - Red Apple Remixes/04 - Sublime Porte - Red Apple (Subsky Remix).mp3,364
data/set282/refsongs/[SP10] Sublime Porte - Red Apple Remixes/02 - Sublime Porte - Red Apple (Hakan Finn Remix).mp3,365
data/set285/refsongs/deepx149/[deepx149] - Various – Deep-X 4 Years Deep Side (2011)/15 - Bet On - Night Vinyl 2.0.mp3,366
data/set285/refsongs/deepx149/[deepx149] - Various – Deep-X 4 Years Deep Side (2011)/16 - Sergey PX - Sphere.mp3,367
data/set285/refsongs/deepx149/[deepx149] - Various – Deep-X 4 Years Deep Side (2011)/12 - Chokko - Anastascia (Mr.Dee You Make Me Smile Remix).mp3,368
data/set285/refsongs/deepx149/[deepx149] - Various – Deep-X 4 Years Deep Side (2011)/13 - Mr.Pips - Shum.mp3,369
data/set285/refsongs/deepx149/[deepx149] - Various – Deep-X 4 Years Deep Side (2011)/10 - Reductor - Rakushka.mp3,370
data/set285/refsongs/deepx149/[deepx149] - Various – Deep-X 4 Years Deep Side (2011)/01 - Otzim Lee - Utrom.mp3,371
data/set285/refsongs/deepx149/[deepx149] - Various – Deep-X 4 Years Deep Side (2011)/17 - Waveform - Steps.mp3,372
data/set285/refsongs/deepx149/[deepx149] - Various – Deep-X 4 Years Deep Side (2011)/11 - Eleven - Miss Somewhere.mp3,373
data/set285/refsongs/deepx149/[deepx149] - Various – Deep-X 4 Years Deep Side (2011)/04 - Mr.Dee - Winter (In Vitro Szchizophob Remix).mp3,374
data/set285/refsongs/deepx149/[deepx149] - Various – Deep-X 4 Years Deep Side (2011)/07 - I Wannabe - The Pocket Inhabitant (Olympic Smoker Remix).mp3,375
data/set285/refsongs/deepx149/[deepx149] - Various – Deep-X 4 Years Deep Side (2011)/18 - AY - Confucius.mp3,376
data/set285/refsongs/deepx149/[deepx149] - Various – Deep-X 4 Years Deep Side (2011)/08 - Cyril D'Ex  - Games Of A Mind.mp3,377
data/set285/refsongs/deepx149/[deepx149] - Various – Deep-X 4 Years Deep Side (2011)/06 - SU - 01 - The Summer.mp3,378
data/set285/refsongs/deepx149/[deepx149] - Various – Deep-X 4 Years Deep Side (2011)/14 - Alexandr Katar - Estate.mp3,379
data/set285/refsongs/deepx149/[deepx149] - Various – Deep-X 4 Years Deep Side (2011)/02 - Suntetic - Flame.mp3,380
data/set285/refsongs/deepx149/[deepx149] - Various – Deep-X 4 Years Deep Side (2011)/09 - Albert Koall - Tears.mp3,381
data/set285/refsongs/deepx149/[deepx149] - Various – Deep-X 4 Years Deep Side (2011)/03 - Fcode - Puzzle.mp3,382
data/set285/refsongs/deepx149/[deepx149] - Various – Deep-X 4 Years Deep Side (2011)/05 - Coldicus - Startearscatchers (Feat. Rost Zaika).mp3,383
data/set285/refsongs/deepx035/[deepx035] - Various - Deep-X Vol.5 One Year (2008)/Section 7/7-11 - The Artillery - Regeneration.mp3,384
data/set285/refsongs/deepx035/[deepx035] - Various - Deep-X Vol.5 One Year (2008)/Section 7/7-05 - Lost Kluster - Lenins Techno.mp3,385
data/set285/refsongs/deepx035/[deepx035] - Various - Deep-X Vol.5 One Year (2008)/Section 7/7-08 - Artful - Spirit Whisper (Original Mix).mp3,386
data/set285/refsongs/deepx035/[deepx035] - Various - Deep-X Vol.5 One Year (2008)/Section 7/7-04 - psyCodEd - Chemtrails.mp3,387
data/set285/refsongs/deepx035/[deepx035] - Various - Deep-X Vol.5 One Year (2008)/Section 7/7-03 - Sascha Muller - Packeis.mp3,388
data/set285/refsongs/deepx035/[deepx035] - Various - Deep-X Vol.5 One Year (2008)/Section 7/7-07 - Prkl - The Why.mp3,389
data/set285/refsongs/deepx035/[deepx035] - Various - Deep-X Vol.5 One Year (2008)/Section 7/7-06 - CRUtCH - Ampel (psyCodEd Remix).mp3,390
data/set285/refsongs/deepx035/[deepx035] - Various - Deep-X Vol.5 One Year (2008)/Section 7/7-10 - psyCodEd Feat. Klara Dot - Wir Freun Uns.mp3,391
data/set285/refsongs/deepx035/[deepx035] - Various - Deep-X Vol.5 One Year (2008)/Section 7/7-01 - Jimmy SL & Gert 3000 - Unplug My Buttplug.mp3,392
data/set285/refsongs/deepx035/[deepx035] - Various - Deep-X Vol.5 One Year (2008)/Section 7/7-12 - Sascha Muller - Tune.mp3,393
data/set285/refsongs/deepx035/[deepx035] - Various - Deep-X Vol.5 One Year (2008)/Section 7/7-09 - Sascha Muller - Smashed System.mp3,394
data/set285/refsongs/deepx035/[deepx035] - Various - Deep-X Vol.5 One Year (2008)/Section 7/7-02 - 624 - Szonda (Original Mix).mp3,395
data/set285/refsongs/deepx035/[deepx035] - Various - Deep-X Vol.5 One Year (2008)/Section 1/1-01 - Mr.Dee - One Year Of Deep-X Rec..mp3,396
data/set285/refsongs/deepx035/[deepx035] - Various - Deep-X Vol.5 One Year (2008)/Section 1/1-06 - Artem Folevski - Gold Mine.mp3,397
data/set285/refsongs/deepx035/[deepx035] - Various - Deep-X Vol.5 One Year (2008)/Section 1/1-04 - Unlight - Water (Original Mix).mp3,398
data/set285/refsongs/deepx035/[deepx035] - Various - Deep-X Vol.5 One Year (2008)/Section 1/1-10 - Tanto - White Rhino.mp3,399
data/set285/refsongs/deepx035/[deepx035] - Various - Deep-X Vol.5 One Year (2008)/Section 1/1-03 - Psycho Cowboys - Sick.mp3,400
data/set285/refsongs/deepx035/[deepx035] - Various - Deep-X Vol.5 One Year (2008)/Section 1/1-09 - Verba - Robots On Moon.mp3,401
data/set285/refsongs/deepx035/[deepx035] - Various - Deep-X Vol.5 One Year (2008)/Section 1/1-12 - Fazer - Hyper Bass.mp3,402
data/set285/refsongs/deepx035/[deepx035] - Various - Deep-X Vol.5 One Year (2008)/Section 1/1-08 - Dimauro - Rebus (Original Mix).mp3,403
data/set285/refsongs/deepx035/[deepx035] - Various - Deep-X Vol.5 One Year (2008)/Section 1/1-02 - Bee Pollen - Fahren.mp3,404
data/set285/refsongs/deepx035/[deepx035] - Various - Deep-X Vol.5 One Year (2008)/Section 1/1-07 - Dancaless - Cyber Dance.mp3,405
data/set285/refsongs/deepx035/[deepx035] - Various - Deep-X Vol.5 One Year (2008)/Section 1/1-14 - Fcode - Delive Solitude.mp3,406
data/set285/refsongs/deepx035/[deepx035] - Various - Deep-X Vol.5 One Year (2008)/Section 1/1-15 - Hugoboy - Neverwhere.mp3,407
data/set285/refsongs/deepx035/[deepx035] - Various - Deep-X Vol.5 One Year (2008)/Section 1/1-13 - [Dask] - Mechanism.mp3,408
data/set285/refsongs/deepx035/[deepx035] - Various - Deep-X Vol.5 One Year (2008)/Section 1/1-11 - Jmator - Minimalnou.mp3,409
data/set285/refsongs/deepx035/[deepx035] - Various - Deep-X Vol.5 One Year (2008)/Section 1/1-05 - Kiva - MDMA.mp3,410
data/set285/refsongs/deepx035/[deepx035] - Various - Deep-X Vol.5 One Year (2008)/Section 6/6-13 - Alexandr Katar - Grounding.mp3,411
data/set285/refsongs/deepx035/[deepx035] - Various - Deep-X Vol.5 One Year (2008)/Section 6/6-11 - Olympic Smoker - Poison#47.mp3,412
data/set285/refsongs/deepx035/[deepx035] - Various - Deep-X Vol.5 One Year (2008)/Section 6/6-14 - Attaboy - Israel.mp3,413
data/set285/refsongs/deepx035/[deepx035] - Various - Deep-X Vol.5 One Year (2008)/Section 6/6-08 - Bee Pollen - Robot Game.mp3,414
data/set285/refsongs/deepx035/[deepx035] - Various - Deep-X Vol.5 One Year (2008)/Section 6/6-01 - Bee Pollen - Kick and Perc.mp3,415
data/set285/refsongs/deepx035/[deepx035] - Various - Deep-X Vol.5 One Year (2008)/Section 6/6-12 - Slava Miles - Techno-M.mp3,416
data/set285/refsongs/deepx035/[deepx035] - Various - Deep-X Vol.5 One Year (2008)/Section 6/6-02 - Unlight - Pilotaj (Original mix).mp3,417
data/set285/refsongs/deepx035/[deepx035] - Various - Deep-X Vol.5 One Year (2008)/Section 6/6-04 - Mike Simons - Anomalia.mp3,418
data/set285/refsongs/deepx035/[deepx035] - Various - Deep-X Vol.5 One Year (2008)/Section 6/6-07 - Fcode - Deep.mp3,419
data/set285/refsongs/deepx035/[deepx035] - Various - Deep-X Vol.5 One Year (2008)/Section 6/6-09 - Sky Jewels - Unfound Objects.mp3,420
data/set285/refsongs/deepx035/[deepx035] - Various - Deep-X Vol.5 One Year (2008)/Section 6/6-10 - OM - Midnight Part 2.mp3,421
data/set285/refsongs/deepx035/[deepx035] - Various - Deep-X Vol.5 One Year (2008)/Section 6/6-06 - N-Dee - Click Twice.mp3,422
data/set285/refsongs/deepx035/[deepx035] - Various - Deep-X Vol.5 One Year (2008)/Section 6/6-05 - AY Feat. Mas009 - Guitarra.mp3,423
data/set285/refsongs/deepx035/[deepx035] - Various - Deep-X Vol.5 One Year (2008)/Section 6/6-03 - El-Filter - Man With A Web Camera.mp3,424
data/set285/refsongs/deepx035/[deepx035] - Various - Deep-X Vol.5 One Year (2008)/Section 3/3-13 - RuiD - Deep Blue.mp3,425
data/set285/refsongs/deepx035/[deepx035] - Various - Deep-X Vol.5 One Year (2008)/Section 3/3-11 - Tatsu - Transportation.mp3,426
data/set285/refsongs/deepx035/[deepx035] - Various - Deep-X Vol.5 One Year (2008)/Section 3/3-05 - Mr.Dee - Spect (Schockierender Remix).mp3,427
data/set285/refsongs/deepx035/[deepx035] - Various - Deep-X Vol.5 One Year (2008)/Section 3/3-08 - Mr.Dee & Slava Miles - Ocean.mp3,428
data/set285/refsongs/deepx035/[deepx035] - Various - Deep-X Vol.5 One Year (2008)/Section 3/3-01 - Sergey PX - Loo.mp3,429
data/set285/refsongs/deepx035/[deepx035] - Various - Deep-X Vol.5 One Year (2008)/Section 3/3-04 - Waveform - From Negative To Positive.mp3,430
data/set285/refsongs/deepx035/[deepx035] - Various - Deep-X Vol.5 One Year (2008)/Section 3/3-14 - Microprocessor - Zero Level.mp3,431
data/set285/refsongs/deepx035/[deepx035] - Various - Deep-X Vol.5 One Year (2008)/Section 3/3-06 - Mr.Pips - Without You.mp3,432
data/set285/refsongs/deepx035/[deepx035] - Various - Deep-X Vol.5 One Year (2008)/Section 3/3-10 - Bet On - Night Vinyl 2.0.mp3,433
data/set285/refsongs/deepx035/[deepx035] - Various - Deep-X Vol.5 One Year (2008)/Section 3/3-02 - Psycho Cowboys - Far Away (Original Mix).mp3,434
data/set285/refsongs/deepx035/[deepx035] - Various - Deep-X Vol.5 One Year (2008)/Section 3/3-03 - Verba - Wrong Technology.mp3,435
data/set285/refsongs/deepx035/[deepx035] - Various - Deep-X Vol.5 One Year (2008)/Section 3/3-09 - Komponente - Don't Worry (Dub Original Edit).mp3,436
data/set285/refsongs/deepx035/[deepx035] - Various - Deep-X Vol.5 One Year (2008)/Section 3/3-07 - Hugoboy - Vanga.mp3,437
data/set285/refsongs/deepx035/[deepx035] - Various - Deep-X Vol.5 One Year (2008)/Section 3/3-12 - coldicus - Buxom Widow.mp3,438
data/set285/refsongs/deepx035/[deepx035] - Various - Deep-X Vol.5 One Year (2008)/Section 5/5-09 - The Artillery - Bass Is Wrong.mp3,439
data/set285/refsongs/deepx035/[deepx035] - Various - Deep-X Vol.5 One Year (2008)/Section 5/5-10 - Sergey PX - One.mp3,440
data/set285/refsongs/deepx035/[deepx035] - Various - Deep-X Vol.5 One Year (2008)/Section 5/5-11 - AFTechno - Ecke.mp3,441
data/set285/refsongs/deepx035/[deepx035] - Various - Deep-X Vol.5 One Year (2008)/Section 5/5-06 - Hudozhnik - Metamorphozes.mp3,442
data/set285/refsongs/deepx035/[deepx035] - Various - Deep-X Vol.5 One Year (2008)/Section 5/5-03 - Artem Folevski - Bubble Trouble (Hard Edit).mp3,443
data/set285/refsongs/deepx035/[deepx035] - Various - Deep-X Vol.5 One Year (2008)/Section 5/5-04 - Klaus Neumann - Torn Acid (Dub Version).mp3,444
data/set285/refsongs/deepx035/[deepx035] - Various - Deep-X Vol.5 One Year (2008)/Section 5/5-12 - Olympic Smoker - Herzlich Willkomen!.mp3,445
data/set285/refsongs/deepx035/[deepx035] - Various - Deep-X Vol.5 One Year (2008)/Section 5/5-01 - Lionel - FDV.mp3,446
data/set285/refsongs/deepx035/[deepx035] - Various - Deep-X Vol.5 One Year (2008)/Section 5/5-08 - Schockierender - Reglament.mp3,447
data/set285/refsongs/deepx035/[deepx035] - Various - Deep-X Vol.5 One Year (2008)/Section 5/5-02 - FrenchSweet - Billirubine.mp3,448
data/set285/refsongs/deepx035/[deepx035] - Various - Deep-X Vol.5 One Year (2008)/Section 5/5-05 - Fazer - Jammi Clabbers.mp3,449
data/set285/refsongs/deepx035/[deepx035] - Various - Deep-X Vol.5 One Year (2008)/Section 5/5-07 - N-Dee - Predator.mp3,450
data/set285/refsongs/deepx035/[deepx035] - Various - Deep-X Vol.5 One Year (2008)/Section 2/2-11 - Jmator - Luna Lunita.mp3,451
data/set285/refsongs/deepx035/[deepx035] - Various - Deep-X Vol.5 One Year (2008)/Section 2/2-09 - Fcode - Proxi.mp3,452
data/set285/refsongs/deepx035/[deepx035] - Various - Deep-X Vol.5 One Year (2008)/Section 2/2-07 - FrenchSweet - Karton Pate.mp3,453
data/set285/refsongs/deepx035/[deepx035] - Various - Deep-X Vol.5 One Year (2008)/Section 2/2-05 - D-Noise - When U Alone.mp3,454
data/set285/refsongs/deepx035/[deepx035] - Various - Deep-X Vol.5 One Year (2008)/Section 2/2-01 - Leipzig - Return.mp3,455
data/set285/refsongs/deepx035/[deepx035] - Various - Deep-X Vol.5 One Year (2008)/Section 2/2-06 - AY - Confucius.mp3,456
data/set285/refsongs/deepx035/[deepx035] - Various - Deep-X Vol.5 One Year (2008)/Section 2/2-14 - Attaboy - Control Freak.mp3,457
data/set285/refsongs/deepx035/[deepx035] - Various - Deep-X Vol.5 One Year (2008)/Section 2/2-08 - Kirill Sergeew - Untitled.mp3,458
data/set285/refsongs/deepx035/[deepx035] - Various - Deep-X Vol.5 One Year (2008)/Section 2/2-10 - Albert Koall - Mechanic World.mp3,459
data/set285/refsongs/deepx035/[deepx035] - Various - Deep-X Vol.5 One Year (2008)/Section 2/2-13 - Tanto - Mr. Lee It Will.mp3,460
data/set285/refsongs/deepx035/[deepx035] - Various - Deep-X Vol.5 One Year (2008)/Section 2/2-03 - Artful - Wormys.mp3,461
data/set285/refsongs/deepx035/[deepx035] - Various - Deep-X Vol.5 One Year (2008)/Section 2/2-12 - Lionel - London.mp3,462
data/set285/refsongs/deepx035/[deepx035] - Various - Deep-X Vol.5 One Year (2008)/Section 2/2-04 - Dancaless - Green Chasm.mp3,463
data/set285/refsongs/deepx035/[deepx035] - Various - Deep-X Vol.5 One Year (2008)/Section 2/2-02 - TkY - Sephora .mp3,464
data/set285/refsongs/deepx035/[deepx035] - Various - Deep-X Vol.5 One Year (2008)/Section 4/4-06 - D-Noise Feat. Tasha - I'm In Your World.mp3,465
data/set285/refsongs/deepx035/[deepx035] - Various - Deep-X Vol.5 One Year (2008)/Section 4/4-07 - Stanislav Rubyteno - Imponderability (Wow Wow Mix).mp3,466
data/set285/refsongs/deepx035/[deepx035] - Various - Deep-X Vol.5 One Year (2008)/Section 4/4-03 - Dimauro - Utopia (Original Mix).mp3,467
data/set285/refsongs/deepx035/[deepx035] - Various - Deep-X Vol.5 One Year (2008)/Section 4/4-12 - DJ LoviLAz - Romantic Summer (Original Mix).mp3,468
data/set285/refsongs/deepx035/[deepx035] - Various - Deep-X Vol.5 One Year (2008)/Section 4/4-13 - D-Noise - My Little Angel.mp3,469
data/set285/refsongs/deepx035/[deepx035] - Various - Deep-X Vol.5 One Year (2008)/Section 4/4-01 - Klaus Neumann - Good Feelings.mp3,470
data/set285/refsongs/deepx035/[deepx035] - Various - Deep-X Vol.5 One Year (2008)/Section 4/4-15 - AY - Color.mp3,471
data/set285/refsongs/deepx035/[deepx035] - Various - Deep-X Vol.5 One Year (2008)/Section 4/4-04 - K.I.R. - Saft.mp3,472
data/set285/refsongs/deepx035/[deepx035] - Various - Deep-X Vol.5 One Year (2008)/Section 4/4-08 - coldicus - Fisherwoman.mp3,473
data/set285/refsongs/deepx035/[deepx035] - Various - Deep-X Vol.5 One Year (2008)/Section 4/4-02 - [Dask] - Dubs.mp3,474
data/set285/refsongs/deepx035/[deepx035] - Various - Deep-X Vol.5 One Year (2008)/Section 4/4-11 - Shiyan - Oasis.mp3,475
data/set285/refsongs/deepx035/[deepx035] - Various - Deep-X Vol.5 One Year (2008)/Section 4/4-14 - Domovoy - Radiant Star (Original).mp3,476
data/set285/refsongs/deepx035/[deepx035] - Various - Deep-X Vol.5 One Year (2008)/Section 4/4-09 - Tribez & Machinez - Reqium.mp3,477
data/set285/refsongs/deepx035/[deepx035] - Various - Deep-X Vol.5 One Year (2008)/Section 4/4-10 - Olympic Smoker - Project Mayhem.mp3,478
data/set285/refsongs/deepx035/[deepx035] - Various - Deep-X Vol.5 One Year (2008)/Section 4/4-05 - Alexandr Katar - Caprise.mp3,479
data/set285/refsongs/deepx035/[deepx035] - Various - Deep-X Vol.5 One Year (2008)/Section 4/4-16 - Artful - Blood Of Criminals (Original Mix).mp3,480
data/set285/refsongs/deepx322/[deepx322] - Mudar Mahayni - I Can Be (2014)/02 - Mudar Mahayni - The Man.mp3,481
data/set285/refsongs/deepx322/[deepx322] - Mudar Mahayni - I Can Be (2014)/05 - Mudar Mahayni - Spectre.mp3,482
data/set285/refsongs/deepx322/[deepx322] - Mudar Mahayni - I Can Be (2014)/01 - Mudar Mahayni - I Can Be.mp3,483
data/set285/refsongs/deepx322/[deepx322] - Mudar Mahayni - I Can Be (2014)/06 - Mudar Mahayni - Faith.mp3,484
data/set285/refsongs/deepx322/[deepx322] - Mudar Mahayni - I Can Be (2014)/03 - Mudar Mahayni - Keep The Fuckin Music.mp3,485
data/set285/refsongs/deepx322/[deepx322] - Mudar Mahayni - I Can Be (2014)/04 - Mudar Mahayni - In The Beginning.mp3,486
data/set285/refsongs/deepx092/[deepx092] - Alex Shnur - They (2009)/07 - Alex Shnur - They (W.O.R.M. Remix).mp3,487
data/set285/refsongs/deepx092/[deepx092] - Alex Shnur - They (2009)/04 - Alex Shnur - They (Max Pollyul Remix).mp3,488
data/set285/refsongs/deepx092/[deepx092] - Alex Shnur - They (2009)/01 - Alex Shnur - They (Original Mix).mp3,489
data/set285/refsongs/deepx092/[deepx092] - Alex Shnur - They (2009)/02 - Alex Shnur - They (Vocal Mix).mp3,490
data/set285/refsongs/deepx092/[deepx092] - Alex Shnur - They (2009)/06 - Alex Shnur - They (Fcode Remix).mp3,491
data/set285/refsongs/deepx092/[deepx092] - Alex Shnur - They (2009)/03 - Alex Shnur - They (Mr.Dee Remix).mp3,492
data/set285/refsongs/deepx092/[deepx092] - Alex Shnur - They (2009)/05 - Alex Shnur - They (Anjey Olaf Remix).mp3,493
data/set285/refsongs/deepx026/[deepx026] - Lionel - Dutch Delight EP (2008)/03 - Lionel - Daarom.mp3,494
data/set285/refsongs/deepx026/[deepx026] - Lionel - Dutch Delight EP (2008)/02 - Lionel - Desert.mp3,495
data/set285/refsongs/deepx026/[deepx026] - Lionel - Dutch Delight EP (2008)/01 - Lionel - Untitled.mp3,496
data/set285/refsongs/deepx005.1/[deepx005.1] - Various - Deep-X Vol.2.1 (2007)/06 - Hudozhnik - Foolish Train.mp3,497
data/set285/refsongs/deepx005.1/[deepx005.1] - Various - Deep-X Vol.2.1 (2007)/13 - Ownsi Lense - Scuk.mp3,498
data/set285/refsongs/deepx005.1/[deepx005.1] - Various - Deep-X Vol.2.1 (2007)/01 - Deep-X - 2.1.mp3,499
data/set285/refsongs/deepx005.1/[deepx005.1] - Various - Deep-X Vol.2.1 (2007)/10 - Leipzig - Dirty Falcotta.mp3,500
data/set285/refsongs/deepx005.1/[deepx005.1] - Various - Deep-X Vol.2.1 (2007)/02 - Joel Gold vs. GERT 3000 - Methusalem.mp3,501
data/set285/refsongs/deepx005.1/[deepx005.1] - Various - Deep-X Vol.2.1 (2007)/12 - coldicus - Casual Kiss.mp3,502
data/set285/refsongs/deepx005.1/[deepx005.1] - Various - Deep-X Vol.2.1 (2007)/07 - El-Filter - Null Minus.mp3,503
data/set285/refsongs/deepx005.1/[deepx005.1] - Various - Deep-X Vol.2.1 (2007)/03 - Mr.Dee - Winter.mp3,504
data/set285/refsongs/deepx005.1/[deepx005.1] - Various - Deep-X Vol.2.1 (2007)/04 - Sky Jewels - Good Mood Bad Hunt.mp3,505
data/set285/refsongs/deepx005.1/[deepx005.1] - Various - Deep-X Vol.2.1 (2007)/15 - Sascha Muller - Pigmentstorung.mp3,506
data/set285/refsongs/deepx005.1/[deepx005.1] - Various - Deep-X Vol.2.1 (2007)/08 - Sergey PX - Aqua Kubz.mp3,507
data/set285/refsongs/deepx005.1/[deepx005.1] - Various - Deep-X Vol.2.1 (2007)/09 - N-Dee - Missing.mp3,508
data/set285/refsongs/deepx005.1/[deepx005.1] - Various - Deep-X Vol.2.1 (2007)/11 - Artful - Rock Da House.mp3,509
data/set285/refsongs/deepx005.1/[deepx005.1] - Various - Deep-X Vol.2.1 (2007)/14 - Waveform - Pink Sunrise.mp3,510
data/set285/refsongs/deepx005.1/[deepx005.1] - Various - Deep-X Vol.2.1 (2007)/05 - Komponente - Insekt.mp3,511
data/set285/refsongs/deepx349/[deepx349] - Faris - Pause (2015)/01 - Faris - Pause.mp3,512
data/set285/refsongs/deepx349/[deepx349] - Faris - Pause (2015)/02 - Faris - Kremlin.mp3,513
data/set285/refsongs/deepx349/[deepx349] - Faris - Pause (2015)/04 - Faris - The Lord Of The Gothic.mp3,514
data/set285/refsongs/deepx349/[deepx349] - Faris - Pause (2015)/03 - Faris - Need.mp3,515
data/set285/refsongs/deepx140/[deepx140] - Mr Kaidzu - Mushrooms (2011)/01 - Mr Kaidzu - Mushrooms (Original Mix).mp3,516
data/set285/refsongs/deepx140/[deepx140] - Mr Kaidzu - Mushrooms (2011)/03 - Mr Kaidzu - Mushrooms (Microvision Bitch Techno Mix).mp3,517
data/set285/refsongs/deepx140/[deepx140] - Mr Kaidzu - Mushrooms (2011)/09 - Mr Kaidzu - Mushrooms (Sense Of Time Remix).mp3,518
data/set285/refsongs/deepx140/[deepx140] - Mr Kaidzu - Mushrooms (2011)/06 - Mr Kaidzu - Mushrooms (Fcode Remix).mp3,519
data/set285/refsongs/deepx140/[deepx140] - Mr Kaidzu - Mushrooms (2011)/04 - Mr Kaidzu - Mushrooms (The Kids Remix).mp3,520
data/set285/refsongs/deepx140/[deepx140] - Mr Kaidzu - Mushrooms (2011)/07 - Mr Kaidzu - Mushrooms (Olej Remix).mp3,521
data/set285/refsongs/deepx140/[deepx140] - Mr Kaidzu - Mushrooms (2011)/05 - Mr Kaidzu - Mushrooms (Mr.Dee Remix).mp3,522
data/set285/refsongs/deepx140/[deepx140] - Mr Kaidzu - Mushrooms (2011)/02 - Mr Kaidzu - Mushrooms (Vlad Technique Remix).mp3,523
data/set285/refsongs/deepx140/[deepx140] - Mr Kaidzu - Mushrooms (2011)/08 - Mr Kaidzu - Mushrooms (Mikel Remix).mp3,524
data/set285/refsongs/deepx115/[deepx115] - Fcode - Inhabit LP (2010)/07 - Fcode - Trembling Leaves (Monolog Remix).mp3,525
data/set285/refsongs/deepx115/[deepx115] - Fcode - Inhabit LP (2010)/06 - Mr.Dee - Live (Fcode Remix).mp3,526
data/set285/refsongs/deepx115/[deepx115] - Fcode - Inhabit LP (2010)/04 - Fcode - Particle.mp3,527
data/set285/refsongs/deepx115/[deepx115] - Fcode - Inhabit LP (2010)/05 - R&J emp - ParaWorld (Fcode Remix).mp3,528
data/set285/refsongs/deepx115/[deepx115] - Fcode - Inhabit LP (2010)/03 - Fcode - Forgotten Dream.mp3,529
data/set285/refsongs/deepx115/[deepx115] - Fcode - Inhabit LP (2010)/01 - Fcode - Axis.mp3,530
data/set285/refsongs/deepx115/[deepx115] - Fcode - Inhabit LP (2010)/02 - Fcode - Inhabit.mp3,531
data/set285/refsongs/deepx239/[deepx239] - Lennert Hal - Light Comes From A Dark Place EP (2013)/03 - Lennert Hal - Bananajack.mp3,532
data/set285/refsongs/deepx239/[deepx239] - Lennert Hal - Light Comes From A Dark Place EP (2013)/02 - Lennert Hal - Light Comes From A Dark Place.mp3,533
data/set285/refsongs/deepx239/[deepx239] - Lennert Hal - Light Comes From A Dark Place EP (2013)/01 - Lennert Hal - Cyanide.mp3,534
data/set285/refsongs/deepx239/[deepx239] - Lennert Hal - Light Comes From A Dark Place EP (2013)/04 - Lennert Hal - Equalise.mp3,535
data/set285/refsongs/deepx100/[deepx100] - Various - 100 (2010)/03 - Mr.Dee - Zi.mp3,536
data/set285/refsongs/deepx100/[deepx100] - Various - 100 (2010)/23 - Probs - Megapolis.mp3,537
data/set285/refsongs/deepx100/[deepx100] - Various - 100 (2010)/15 - NoskOFF - Storm.mp3,538
data/set285/refsongs/deepx100/[deepx100] - Various - 100 (2010)/12 - Sonic - Ficsation (Andres Shuffle Remix).mp3,539
data/set285/refsongs/deepx100/[deepx100] - Various - 100 (2010)/37 - Kirill Kinky - Miss You.mp3,540
data/set285/refsongs/deepx100/[deepx100] - Various - 100 (2010)/13 - Unlight - Wood.mp3,541
data/set285/refsongs/deepx100/[deepx100] - Various - 100 (2010)/48 - Glitch - Forgetting Planet.mp3,542
data/set285/refsongs/deepx100/[deepx100] - Various - 100 (2010)/21 - Sergey PX - Bactr.mp3,543
data/set285/refsongs/deepx100/[deepx100] - Various - 100 (2010)/40 - Pupo Pantskhava - Space Craft.mp3,544
data/set285/refsongs/deepx100/[deepx100] - Various - 100 (2010)/34 - Normative - Universal Richy.mp3,545
data/set285/refsongs/deepx100/[deepx100] - Various - 100 (2010)/18 - Kiva - Killer Santa.mp3,546
data/set285/refsongs/deepx100/[deepx100] - Various - 100 (2010)/27 - Quite-k - Re-Scan.mp3,547
data/set285/refsongs/deepx100/[deepx100] - Various - 100 (2010)/19 - Mwerk - Absturz.mp3,548
data/set285/refsongs/deepx100/[deepx100] - Various - 100 (2010)/09 - MilKos - Acid Train.mp3,549
data/set285/refsongs/deepx100/[deepx100] - Various - 100 (2010)/14 - Dimauro & Tony Kututo - Dark Sweep.mp3,550
data/set285/refsongs/deepx100/[deepx100] - Various - 100 (2010)/06 - OM - Acidysm 444.mp3,551
data/set285/refsongs/deepx100/[deepx100] - Various - 100 (2010)/45 - Naoborot - Boiled Water.mp3,552
data/set285/refsongs/deepx100/[deepx100] - Various - 100 (2010)/41 - Spark.On & Dask - Volume Of Dream.mp3,553
data/set285/refsongs/deepx100/[deepx100] - Various - 100 (2010)/42 - Ampere - If You Love Me.mp3,554
data/set285/refsongs/deepx100/[deepx100] - Various - 100 (2010)/46 - Fcode - Trembling Leaves.mp3,555
data/set285/refsongs/deepx100/[deepx100] - Various - 100 (2010)/08 - MFS - Running Out Of Time.mp3,556
data/set285/refsongs/deepx100/[deepx100] - Various - 100 (2010)/10 - Artem Folevski - Spectra.mp3,557
data/set285/refsongs/deepx100/[deepx100] - Various - 100 (2010)/22 - R&J emp - Active Campa.mp3,558
data/set285/refsongs/deepx100/[deepx100] - Various - 100 (2010)/49 - Indience - Mental.mp3,559
data/set285/refsongs/deepx100/[deepx100] - Various - 100 (2010)/47 - Tatsu - Transmission.mp3,560
data/set285/refsongs/deepx100/[deepx100] - Various - 100 (2010)/35 - Van Fabrik - Auto Perpetuo.mp3,561
data/set285/refsongs/deepx100/[deepx100] - Various - 100 (2010)/05 - DarWin - Pathology.mp3,562
data/set285/refsongs/deepx100/[deepx100] - Various - 100 (2010)/44 - D-Noise - Never Sleep.mp3,563
data/set285/refsongs/deepx100/[deepx100] - Various - 100 (2010)/26 - Sky Jewels - My I Bot Don't Like....mp3,564
data/set285/refsongs/deepx100/[deepx100] - Various - 100 (2010)/01 - Olympic Smoker - 100.mp3,565
data/set285/refsongs/deepx100/[deepx100] - Various - 100 (2010)/38 - Waveform - Short Story.mp3,566
data/set285/refsongs/deepx100/[deepx100] - Various - 100 (2010)/02 - AFTechno - Sackgasse.mp3,567
data/set285/refsongs/deepx100/[deepx100] - Various - 100 (2010)/04 - AY - Monster.mp3,568
data/set285/refsongs/deepx100/[deepx100] - Various - 100 (2010)/50 - JKrylov - Mireckol.mp3,569
data/set285/refsongs/deepx100/[deepx100] - Various - 100 (2010)/30 - Attaboy - Laser.mp3,570
data/set285/refsongs/deepx100/[deepx100] - Various - 100 (2010)/29 - Flint LSD25 - Ghost-Dance Religion (Edit).mp3,571
data/set285/refsongs/deepx100/[deepx100] - Various - 100 (2010)/28 - Whoon - Number One In Your Bag.mp3,572
data/set285/refsongs/deepx100/[deepx100] - Various - 100 (2010)/17 - v0da - Cube.mp3,573
data/set285/refsongs/deepx100/[deepx100] - Various - 100 (2010)/33 - Jenya Reverse - Musical Experiment.mp3,574
data/set285/refsongs/deepx100/[deepx100] - Various - 100 (2010)/36 - Monotech - Kord.mp3,575
data/set285/refsongs/deepx100/[deepx100] - Various - 100 (2010)/32 - Jozef Fabianskiy - Kill Monkey.mp3,576
data/set285/refsongs/deepx100/[deepx100] - Various - 100 (2010)/07 - Hugoboy - Poisk Zon Otchuzhdenia.mp3,577
data/set285/refsongs/deepx100/[deepx100] - Various - 100 (2010)/11 - N-Dee - April 1.2.mp3,578
data/set285/refsongs/deepx100/[deepx100] - Various - 100 (2010)/24 - Deep Technique - Enter.mp3,579
data/set285/refsongs/deepx100/[deepx100] - Various - 100 (2010)/43 - Albert Koall - Urban Feels.mp3,580
data/set285/refsongs/deepx100/[deepx100] - Various - 100 (2010)/31 - Monolog - Da Amour.mp3,581
data/set285/refsongs/deepx100/[deepx100] - Various - 100 (2010)/20 - The Artful - No Freekz (Part II).mp3,582
data/set285/refsongs/deepx100/[deepx100] - Various - 100 (2010)/16 - K.Fish - Marion.mp3,583
data/set285/refsongs/deepx100/[deepx100] - Various - 100 (2010)/25 - Twenty Four Dollars - France Language.mp3,584
data/set285/refsongs/deepx100/[deepx100] - Various - 100 (2010)/39 - Mr.Pips - Old & Fresh.mp3,585
data/set285/refsongs/deepx300/[deepx300] - Various - 300 (2014)/025 - Eugene - Processed.mp3,586
data/set285/refsongs/deepx300/[deepx300] - Various - 300 (2014)/019 - D.Nowski - Real Macho House For Glamour Chicks.mp3,587
data/set285/refsongs/deepx300/[deepx300] - Various - 300 (2014)/041 - Xen Mayer - Sound Of Deep-X.mp3,588
data/set285/refsongs/deepx300/[deepx300] - Various - 300 (2014)/088 - The Depose - It's Time. We Have To Go Home.mp3,589
data/set285/refsongs/deepx300/[deepx300] - Various - 300 (2014)/026 - Rarek - Area 51.mp3,590
data/set285/refsongs/deepx300/[deepx300] - Various - 300 (2014)/081 - USLNK - Himmlisch.mp3,591
data/set285/refsongs/deepx300/[deepx300] - Various - 300 (2014)/059 - A.Rico & S.Jud - Crying Clouds.mp3,592
data/set285/refsongs/deepx300/[deepx300] - Various - 300 (2014)/095 - Syntech Vedeneev - Cloux.mp3,593
data/set285/refsongs/deepx300/[deepx300] - Various - 300 (2014)/046 - Ampere - Boy Hormone.mp3,594
data/set285/refsongs/deepx300/[deepx300] - Various - 300 (2014)/037 - Seamless Plastic - Faster Plastic.mp3,595
data/set285/refsongs/deepx300/[deepx300] - Various - 300 (2014)/060 - Leadsquid - Cute.mp3,596
data/set285/refsongs/deepx300/[deepx300] - Various - 300 (2014)/049 - Sascha Muller - Kernkraft.mp3,597
data/set285/refsongs/deepx300/[deepx300] - Various - 300 (2014)/004 - Heward - Furnica.mp3,598
data/set285/refsongs/deepx300/[deepx300] - Various - 300 (2014)/058 - Inverted Anima - Nes Varenia.mp3,599
data/set285/refsongs/deepx300/[deepx300] - Various - 300 (2014)/055 - Izzat Man - RWT126.mp3,600
data/set285/refsongs/deepx300/[deepx300] - Various - 300 (2014)/092 - Jury Sway - Love This Beat.mp3,601
data/set285/refsongs/deepx300/[deepx300] - Various - 300 (2014)/099 - Tatsu - In The Night.mp3,602
data/set285/refsongs/deepx300/[deepx300] - Various - 300 (2014)/034 - Nikoretti - Beat Meat.mp3,603
data/set285/refsongs/deepx300/[deepx300] - Various - 300 (2014)/067 - Loose End - Bye.mp3,604
data/set285/refsongs/deepx300/[deepx300] - Various - 300 (2014)/045 - D Johns - Integration.mp3,605
data/set285/refsongs/deepx300/[deepx300] - Various - 300 (2014)/074 - Suntetic & Sasha Makin - Sunless.mp3,606
data/set285/refsongs/deepx300/[deepx300] - Various - 300 (2014)/028 - Soidi - Nightmare.mp3,607
data/set285/refsongs/deepx300/[deepx300] - Various - 300 (2014)/027 - Ihy - Breaking Bad.mp3,608
data/set285/refsongs/deepx300/[deepx300] - Various - 300 (2014)/090 - Sasha Yeller - Art Term.mp3,609
data/set285/refsongs/deepx300/[deepx300] - Various - 300 (2014)/038 - Kirill Kinky - Day 'N' Night.mp3,610
data/set285/refsongs/deepx300/[deepx300] - Various - 300 (2014)/096 - Vizuary - Alfa Trip.mp3,611
data/set285/refsongs/deepx300/[deepx300] - Various - 300 (2014)/020 - Adeptec - No Compromises.mp3,612
data/set285/refsongs/deepx300/[deepx300] - Various - 300 (2014)/022 - Mark Meino - Holly Day.mp3,613
data/set285/refsongs/deepx300/[deepx300] - Various - 300 (2014)/006 - s!ckness - Mr. Frost.mp3,614
data/set285/refsongs/deepx300/[deepx300] - Various - 300 (2014)/008 - Faris - Lose Control.mp3,615
data/set285/refsongs/deepx300/[deepx300] - Various - 300 (2014)/089 - Maendo - Harder Faster.mp3,616
data/set285/refsongs/deepx300/[deepx300] - Various - 300 (2014)/040 - Flint LSD25 - Book Of Water.mp3,617
data/set285/refsongs/deepx300/[deepx300] - Various - 300 (2014)/093 - BKMZ - Divo.mp3,618
data/set285/refsongs/deepx300/[deepx300] - Various - 300 (2014)/031 - NoskOFF - Dark Side.mp3,619
data/set285/refsongs/deepx300/[deepx300] - Various - 300 (2014)/023 - X-Quantum - Pragmatist.mp3,620
data/set285/refsongs/deepx300/[deepx300] - Various - 300 (2014)/057 - Sasha Shiyan - Who Was Humboldt.mp3,621
data/set285/refsongs/deepx300/[deepx300] - Various - 300 (2014)/015 - Al.Go - Hate Techno.mp3,622
data/set285/refsongs/deepx300/[deepx300] - Various - 300 (2014)/029 - Innmind & Mr.Dee - Art Lab.mp3,623
data/set285/refsongs/deepx300/[deepx300] - Various - 300 (2014)/012 - Ilisho Groupe - PnP2.mp3,624
data/set285/refsongs/deepx300/[deepx300] - Various - 300 (2014)/080 - Mr.Stylus - Feel So High.mp3,625
data/set285/refsongs/deepx300/[deepx300] - Various - 300 (2014)/086 - D.Tek - Technology People.mp3,626
data/set285/refsongs/deepx300/[deepx300] - Various - 300 (2014)/024 - May and December - Anybody.mp3,627
data/set285/refsongs/deepx300/[deepx300] - Various - 300 (2014)/048 - Hollmspeed - Roads.mp3,628
data/set285/refsongs/deepx300/[deepx300] - Various - 300 (2014)/068 - MrEH - Soodaline.mp3,629
data/set285/refsongs/deepx300/[deepx300] - Various - 300 (2014)/065 - Mr.Pips - Aurora.mp3,630
data/set285/refsongs/deepx300/[deepx300] - Various - 300 (2014)/056 - DeepDubing - Monophonic.mp3,631
data/set285/refsongs/deepx300/[deepx300] - Various - 300 (2014)/033 - Lunatique Sublime - One Moment.mp3,632
data/set285/refsongs/deepx300/[deepx300] - Various - 300 (2014)/061 - Verba - Ropy.mp3,633
data/set285/refsongs/deepx300/[deepx300] - Various - 300 (2014)/043 - Van Fabrik - Umbrella.mp3,634
data/set285/refsongs/deepx300/[deepx300] - Various - 300 (2014)/002 - Quite-K - Black Messa.mp3,635
data/set285/refsongs/deepx300/[deepx300] - Various - 300 (2014)/005 - C-dope - Further And Further Into The Depths Of Space.mp3,636
data/set285/refsongs/deepx300/[deepx300] - Various - 300 (2014)/073 - Nebyla - Disappearing Birds.mp3,637
data/set285/refsongs/deepx300/[deepx300] - Various - 300 (2014)/100 - Kitanoff - Pepelaz.mp3,638
data/set285/refsongs/deepx300/[deepx300] - Various - 300 (2014)/071 - Reductor Feat. Uqup - Good Night For You.mp3,639
data/set285/refsongs/deepx300/[deepx300] - Various - 300 (2014)/016 - Ferum - Chemical Reactor.mp3,640
data/set285/refsongs/deepx300/[deepx300] - Various - 300 (2014)/010 - Stefan Blackbot - Train.mp3,641
data/set285/refsongs/deepx300/[deepx300] - Various - 300 (2014)/032 - LeSonDormant - Progres.mp3,642
data/set285/refsongs/deepx300/[deepx300] - Various - 300 (2014)/051 - Filippov - See You.mp3,643
data/set285/refsongs/deepx300/[deepx300] - Various - 300 (2014)/094 - natty_chaos - Search & Find.mp3,644
data/set285/refsongs/deepx300/[deepx300] - Various - 300 (2014)/097 - Sinoptik - Night Road.mp3,645
data/set285/refsongs/deepx300/[deepx300] - Various - 300 (2014)/050 - Substak - Bmd.mp3,646
data/set285/refsongs/deepx300/[deepx300] - Various - 300 (2014)/066 - Geolm - Hip Bone Zone.mp3,647
data/set285/refsongs/deepx300/[deepx300] - Various - 300 (2014)/083 - Total Reload - Morning Ligth.mp3,648
data/set285/refsongs/deepx300/[deepx300] - Various - 300 (2014)/018 - Mindctrl - Esmeron 3.mp3,649
data/set285/refsongs/deepx300/[deepx300] - Various - 300 (2014)/017 - Tribez & Machinez - Lucem Manus.mp3,650
data/set285/refsongs/deepx300/[deepx300] - Various - 300 (2014)/052 - Vitalii - Potopi.mp3,651
data/set285/refsongs/deepx300/[deepx300] - Various - 300 (2014)/077 - Blastculture - Let There Be (M)House.mp3,652
data/set285/refsongs/deepx300/[deepx300] - Various - 300 (2014)/087 - Askaira Indishle - Sakura.mp3,653
data/set285/refsongs/deepx300/[deepx300] - Various - 300 (2014)/091 - Attaboy - Cubik.mp3,654
data/set285/refsongs/deepx300/[deepx300] - Various - 300 (2014)/007 - Smooth Shift - Sundown.mp3,655
data/set285/refsongs/deepx300/[deepx300] - Various - 300 (2014)/079 - DJ ZEF!R - Face Of Sound.mp3,656
data/set285/refsongs/deepx300/[deepx300] - Various - 300 (2014)/036 - Fcode - Indemnity.mp3,657
data/set285/refsongs/deepx300/[deepx300] - Various - 300 (2014)/039 - Mudar Mahayni - Beats Of Wonder.mp3,658
data/set285/refsongs/deepx300/[deepx300] - Various - 300 (2014)/084 - D-Noise - Be A Man.mp3,659
data/set285/refsongs/deepx300/[deepx300] - Various - 300 (2014)/003 - Probs - On Condition.mp3,660
data/set285/refsongs/deepx300/[deepx300] - Various - 300 (2014)/069 - Finn - Sweet Baby.mp3,661
data/set285/refsongs/deepx300/[deepx300] - Various - 300 (2014)/001 - eM - Rkvadrat.mp3,662
data/set285/refsongs/deepx300/[deepx300] - Various - 300 (2014)/013 - Echo 15 - The Large Hadron Collider.mp3,663
data/set285/refsongs/deepx300/[deepx300] - Various - 300 (2014)/021 - Rog - The Last Word.mp3,664
data/set285/refsongs/deepx300/[deepx300] - Various - 300 (2014)/042 - The Artful - Razorburn.mp3,665
data/set285/refsongs/deepx300/[deepx300] - Various - 300 (2014)/064 - Gomez - Calmer.mp3,666
data/set285/refsongs/deepx300/[deepx300] - Various - 300 (2014)/047 - Anthony Bomber - Xenomorph.mp3,667
data/set285/refsongs/deepx300/[deepx300] - Various - 300 (2014)/098 - Andrew Clam - Plasticfield.mp3,668
data/set285/refsongs/deepx300/[deepx300] - Various - 300 (2014)/014 - SG - Zumo Vital.mp3,669
data/set285/refsongs/deepx300/[deepx300] - Various - 300 (2014)/078 - Knolios - Amorous.mp3,670
data/set285/refsongs/deepx300/[deepx300] - Various - 300 (2014)/070 - Qoob - I See You.mp3,671
data/set285/refsongs/deepx300/[deepx300] - Various - 300 (2014)/062 - Brickman - Story Complete.mp3,672
data/set285/refsongs/deepx300/[deepx300] - Various - 300 (2014)/044 - Oliver Martini - Gottesteilchen.mp3,673
data/set285/refsongs/deepx300/[deepx300] - Various - 300 (2014)/075 - Unknown Artist - Untitled.mp3,674
data/set285/refsongs/deepx300/[deepx300] - Various - 300 (2014)/035 - Scary Dub MonsteR - Mars.mp3,675
data/set285/refsongs/deepx300/[deepx300] - Various - 300 (2014)/063 - Holy Manatee - Jako.mp3,676
data/set285/refsongs/deepx300/[deepx300] - Various - 300 (2014)/009 - Vadim Kotinskiy - My Universe.mp3,677
data/set285/refsongs/deepx300/[deepx300] - Various - 300 (2014)/054 - Oleg Pw - Dub U.mp3,678
data/set285/refsongs/deepx300/[deepx300] - Various - 300 (2014)/072 - Limb - I Like It.mp3,679
data/set285/refsongs/deepx300/[deepx300] - Various - 300 (2014)/053 - Four-Sided Circles - Autism.mp3,680
data/set285/refsongs/deepx300/[deepx300] - Various - 300 (2014)/085 - John Whitehorse - Go Ride.mp3,681
data/set285/refsongs/deepx300/[deepx300] - Various - 300 (2014)/076 - Abztrakte Maschine - Jazz Pattern.mp3,682
data/set285/refsongs/deepx300/[deepx300] - Various - 300 (2014)/011 - R&J emp - Gnostic Garden.mp3,683
data/set285/refsongs/deepx300/[deepx300] - Various - 300 (2014)/030 - Alex Taotek - Deformation.mp3,684
data/set286/refsongs/Zimmer121.05_Oscar_Lopez_Beat_-_Camel_Toe.mp3,685
data/set286/refsongs/B1 Miami Slice - Step Into Me.mp3,686
data/set286/refsongs/Zimmer120.2_Bebhionn_Laboratory_-_Startle_Response.mp3,687
data/set286/refsongs/01_hermetico_-_no-data.mp3,688
data/set286/refsongs/Zimmer121.18_Zirkeltanz_-_Missing_Rainbow_master.mp3,689
data/set286/refsongs/02_hermetico_-_codec.mp3,690
data/set286/refsongs/Track_Jackit_night_in_chicago.mp3,691
data/set286/refsongs/Zimmer121.11_Pasquale_Maassen_-_Stumpfspitzen.mp3,692
data/set286/refsongs/Zimmer121.03_Abiz_Sonko_-_Keios_Bifor_Glouri.mp3,693
data/set286/refsongs/Zimmer119.2_Bebhionn_Laboratory_-_Without_Clarity.mp3,694
data/set286/refsongs/Zimmer121.19_rp_-_Dirty_low_Fuck.mp3,695
data/set286/refsongs/Zimmer121.08_Paralytic_-_Hirnlappenblockade.mp3,696
data/set286/refsongs/Zimmer121.15_HZR_-_Surreal_-_Anniversary_Version.mp3,697
data/set286/refsongs/Zimmer121.17_Untethered_-_Hectagonal_Residue.mp3,698
data/set286/refsongs/A3 Miami Slice - Cloud Nine.mp3,699
data/set286/refsongs/Zimmer121.07_Reloadams_-_Fake.mp3,700
data/set286/refsongs/Zimmer121.22_SXtheMadArtist_-_Volcanos_and_Rivers.mp3,701
data/set286/refsongs/A1 Miami Slice - Without You.mp3,702
data/set286/refsongs/Zimmer121.04_Andreas_Florin_-_Deleted_Scenes.mp3,703
data/set286/refsongs/Track_Jackit_questions_answered.mp3,704
data/set286/refsongs/Zimmer121.21_Oliver_Martini_-_See_You_On_The_Dancefloor.mp3,705
data/set286/refsongs/Zimmer119.3_Bebhionn_Laboratory_-_Dawn_Cloudy.mp3,706
data/set286/refsongs/Zimmer121.09_Dr_Cyanide_-_State_of_illness.mp3,707
data/set286/refsongs/B2 Miami Slice - Far East Persuasion.mp3,708
data/set286/refsongs/Zimmer121.16_Structural_Form_-_Bad_Education.mp3,709
data/set286/refsongs/A2 Miami Slice - Illusions.mp3,710
data/set286/refsongs/Zimmer121.13_Christian_Mohr_-_No-Fantasy.mp3,711
data/set286/refsongs/Zimmer120.1_Bebhionn_Laboratory_-_Acoustic_Reflex.mp3,712
data/set286/refsongs/Track_Jackit_Soul_Funk_Disco.mp3,713
data/set286/refsongs/Zimmer121.10_Bran_Lanen_-_Positive_Slope.mp3,714
data/set286/refsongs/Zimmer121.01_Narcotic_303_-_Wait.mp3,715
data/set286/refsongs/Zimmer121.02_Droneghost_-_Black_Pill.mp3,716
data/set286/refsongs/Zimmer119.1_Bebhionn_Laboratory_-_Wet_Floor.mp3,717
data/set286/refsongs/Zimmer121.06_MattK_-_Option.mp3,718
data/set286/refsongs/Zimmer121.14_ROBotron_-_Neptunus.mp3,719
data/set286/refsongs/Zimmer121.23_Jerzz_-_Zimmer_Terror_Attack.mp3,720
data/set286/refsongs/Zimmer120.3_Bebhionn_Laboratory_-_Tensor_Tympani.mp3,721
data/set286/refsongs/Zimmer121.20_Michle_Jackiewicz_-_Black_Roses.mp3,722
data/set286/refsongs/Zimmer121.12_Steve_Pain_-_ABC.mp3,723
